<?xml version="1.0" encoding="UTF-8"?>
<project-private xmlns="http://www.netbeans.org/ns/project-private/1">
    <editor-bookmarks xmlns="http://www.netbeans.org/ns/editor-bookmarks/2" lastBookmarkId="0"/>
    <open-files xmlns="http://www.netbeans.org/ns/projectui-open-files/2">
        <group>
            <file>file:/F:/L4T2%20Materials/CSE-472(Machine%20Learning%20Sessional)/Assignment-2/src/assignment/pkg2/SuperHashTable.java</file>
            <file>file:/F:/L4T2%20Materials/CSE-472(Machine%20Learning%20Sessional)/Assignment-2/src/assignment/pkg2/HashTable.java</file>
            <file>file:/F:/L4T2%20Materials/CSE-472(Machine%20Learning%20Sessional)/Assignment-2/src/assignment/pkg2/Assignment2.java</file>
        </group>
    </open-files>
</project-private>
