<?xml version="1.0" encoding="UTF-8"?>
<project-private xmlns="http://www.netbeans.org/ns/project-private/1">
    <editor-bookmarks xmlns="http://www.netbeans.org/ns/editor-bookmarks/2" lastBookmarkId="0"/>
    <open-files xmlns="http://www.netbeans.org/ns/projectui-open-files/2">
        <group>
            <file>file:/media/mazharul/40A23C7AA23C770E/Google%20Drive/STUDY/L4%20T2/Level-4-Term-2/CSE472%20Machine%20Learning%20Sessional/Assignment%203/ANN/src/ann/Network.java</file>
            <file>file:/media/mazharul/40A23C7AA23C770E/Google%20Drive/STUDY/L4%20T2/Level-4-Term-2/CSE472%20Machine%20Learning%20Sessional/Assignment%203/ANN/src/ann/Vector.java</file>
            <file>file:/media/mazharul/40A23C7AA23C770E/Google%20Drive/STUDY/L4%20T2/Level-4-Term-2/CSE472%20Machine%20Learning%20Sessional/Assignment%203/ANN/src/ann/Main.java</file>
            <file>file:/media/mazharul/40A23C7AA23C770E/Google%20Drive/STUDY/L4%20T2/Level-4-Term-2/CSE472%20Machine%20Learning%20Sessional/Assignment%203/ANN/src/ann/Data.java</file>
            <file>file:/media/mazharul/40A23C7AA23C770E/Google%20Drive/STUDY/L4%20T2/Level-4-Term-2/CSE472%20Machine%20Learning%20Sessional/Assignment%203/ANN/src/ann/LoadData.java</file>
        </group>
    </open-files>
</project-private>
