<?xml version="1.0" encoding="UTF-8"?>
<project-private xmlns="http://www.netbeans.org/ns/project-private/1">
    <editor-bookmarks xmlns="http://www.netbeans.org/ns/editor-bookmarks/2" lastBookmarkId="0"/>
    <open-files xmlns="http://www.netbeans.org/ns/projectui-open-files/2">
        <group>
            <file>file:/media/mazharul/40A23C7AA23C770E/Google%20Drive/STUDY/L4%20T2/CSE472%20Machine%20Learning%20Sessional/Level-4-Term-2/CSE472%20Machine%20Learning%20Sessional/Assignment%202/Assignment-2_to_Nipu/src/assignment/pkg2/ClassDictionary.java</file>
            <file>file:/media/mazharul/40A23C7AA23C770E/Google%20Drive/STUDY/L4%20T2/CSE472%20Machine%20Learning%20Sessional/Level-4-Term-2/CSE472%20Machine%20Learning%20Sessional/Assignment%202/Assignment-2_to_Nipu/src/assignment/pkg2/ReadXMLFile.java</file>
            <file>file:/media/mazharul/40A23C7AA23C770E/Google%20Drive/STUDY/L4%20T2/CSE472%20Machine%20Learning%20Sessional/Level-4-Term-2/CSE472%20Machine%20Learning%20Sessional/Assignment%202/Assignment-2_to_Nipu/src/assignment/pkg2/NB.java</file>
            <file>file:/media/mazharul/40A23C7AA23C770E/Google%20Drive/STUDY/L4%20T2/CSE472%20Machine%20Learning%20Sessional/Level-4-Term-2/CSE472%20Machine%20Learning%20Sessional/Assignment%202/Assignment-2_to_Nipu/src/assignment/pkg2/KNN.java</file>
            <file>file:/media/mazharul/40A23C7AA23C770E/Google%20Drive/STUDY/L4%20T2/CSE472%20Machine%20Learning%20Sessional/Level-4-Term-2/CSE472%20Machine%20Learning%20Sessional/Assignment%202/Assignment-2_to_Nipu/src/assignment/pkg2/SuperHashTable.java</file>
            <file>file:/media/mazharul/40A23C7AA23C770E/Google%20Drive/STUDY/L4%20T2/CSE472%20Machine%20Learning%20Sessional/Level-4-Term-2/CSE472%20Machine%20Learning%20Sessional/Assignment%202/Assignment-2_to_Nipu/src/assignment/pkg2/Assignment2.java</file>
            <file>file:/media/mazharul/40A23C7AA23C770E/Google%20Drive/STUDY/L4%20T2/CSE472%20Machine%20Learning%20Sessional/Level-4-Term-2/CSE472%20Machine%20Learning%20Sessional/Assignment%202/Assignment-2_to_Nipu/src/assignment/pkg2/HashTable.java</file>
        </group>
    </open-files>
</project-private>
